epoch,time,train/box_loss,train/cls_loss,train/dfl_loss,metrics/precision(B),metrics/recall(B),metrics/mAP50(B),metrics/mAP50-95(B),val/box_loss,val/cls_loss,val/dfl_loss,lr/pg0,lr/pg1,lr/pg2
1,110.594,0.95528,2.12213,1.24703,0.40813,0.26404,0.22403,0.1112,2.05581,4.92003,2.26316,0.0004,0.0004,0.0004
2,124.942,1.14664,1.35003,1.36964,0.09598,0.37079,0.08216,0.02766,2.41281,11.9757,3.02011,0.000819911,0.000819911,0.000819911
3,139.101,1.21902,1.30982,1.40044,0.00075,0.08989,0.00032,8e-05,5.06104,498.484,38.7771,0.00123946,0.00123946,0.00123946
4,153.31,1.30125,1.34373,1.4588,0.00086,0.24719,0.00055,0.00021,3.58829,inf,62.5518,0.00165838,0.00165838,0.00165838
5,167.417,1.35082,1.40334,1.48637,0.20349,0.19663,0.08816,0.02494,2.85129,27.2328,5.09589,0.00199653,0.00199653,0.00199653
6,181.394,1.26406,1.28252,1.41319,0.02445,0.57865,0.0187,0.00574,2.79278,inf,10.9393,0.00199458,0.00199458,0.00199458
7,195.438,1.22348,1.20891,1.37009,0.25452,0.66854,0.39949,0.16913,2.06284,13.168,2.48767,0.00199219,0.00199219,0.00199219
8,209.631,1.18706,1.15312,1.37378,0.53356,0.67416,0.56623,0.25373,1.80991,4.9769,2.06246,0.00198938,0.00198938,0.00198938
9,223.749,1.15995,1.07866,1.34773,0.25928,0.10674,0.06802,0.01948,3.12711,4.64712,3.45073,0.00198614,0.00198614,0.00198614
10,237.699,1.1588,1.13685,1.34308,0.35565,0.28652,0.20218,0.09,2.46551,2.96261,2.44659,0.00198246,0.00198246,0.00198246
11,251.63,1.12352,1.06003,1.3498,0.75166,0.72472,0.79638,0.54746,1.09584,1.44408,1.34376,0.00197837,0.00197837,0.00197837
12,265.671,1.13361,1.08361,1.35344,0.65342,0.60112,0.67151,0.39865,1.32608,2.44889,1.58887,0.00197384,0.00197384,0.00197384
13,279.654,1.13591,1.01948,1.32721,0.81516,0.8424,0.87073,0.5886,1.019,1.10782,1.19663,0.0019689,0.0019689,0.0019689
14,293.631,1.03925,0.99473,1.2796,0.74415,0.76966,0.82591,0.56983,1.04324,1.32714,1.30346,0.00196353,0.00196353,0.00196353
15,307.652,1.01095,0.9208,1.22759,0.80226,0.70657,0.80104,0.4891,1.31052,1.29915,1.43517,0.00195775,0.00195775,0.00195775
16,321.698,1.05798,1.00868,1.27995,0.81143,0.74157,0.80994,0.44502,1.46904,1.40003,1.49524,0.00195155,0.00195155,0.00195155
17,335.709,1.03459,0.9556,1.24234,0.7619,0.82584,0.86013,0.57441,1.04973,0.94573,1.21203,0.00194493,0.00194493,0.00194493
18,349.69,0.99774,0.88194,1.25029,0.85319,0.77528,0.86953,0.58212,0.95686,1.1804,1.1968,0.00193791,0.00193791,0.00193791
19,363.599,0.96517,0.87719,1.20317,0.83428,0.8764,0.90603,0.63145,0.99086,1.03406,1.18764,0.00193048,0.00193048,0.00193048
20,377.661,0.99569,0.86846,1.23464,0.89603,0.8231,0.90091,0.61397,0.93934,0.92432,1.18921,0.00192264,0.00192264,0.00192264
21,391.646,0.97197,0.8606,1.23185,0.84618,0.89625,0.93249,0.67685,0.92539,0.97479,1.18437,0.00191441,0.00191441,0.00191441
22,405.702,0.98779,0.88317,1.23032,0.82163,0.88202,0.91615,0.69947,0.85392,0.75149,1.09023,0.00190578,0.00190578,0.00190578
23,419.768,0.94215,0.85449,1.20787,0.86034,0.87079,0.92043,0.66872,0.93806,0.75783,1.13519,0.00189675,0.00189675,0.00189675
24,433.711,0.92783,0.80546,1.18711,0.81007,0.7809,0.86234,0.58275,1.0766,0.89059,1.2213,0.00188734,0.00188734,0.00188734
25,447.646,0.88643,0.82136,1.16207,0.88106,0.68539,0.81984,0.50548,1.15144,1.06294,1.34402,0.00187754,0.00187754,0.00187754
26,461.519,0.91049,0.83081,1.17766,0.88055,0.86974,0.91831,0.64233,0.90452,0.78896,1.11885,0.00186737,0.00186737,0.00186737
27,475.491,0.90494,0.78442,1.18932,0.87832,0.88202,0.92369,0.70957,0.81911,0.77379,1.04958,0.00185681,0.00185681,0.00185681
28,489.535,0.87778,0.74362,1.15007,0.89981,0.85775,0.91493,0.68484,0.87018,0.68134,1.07327,0.00184588,0.00184588,0.00184588
29,503.429,0.86376,0.74781,1.15155,0.75361,0.80337,0.80812,0.55924,1.02447,0.88411,1.26031,0.00183459,0.00183459,0.00183459
30,517.364,0.87965,0.75618,1.14666,0.83575,0.8427,0.86585,0.61389,1.00293,0.81993,1.23336,0.00182294,0.00182294,0.00182294
31,531.274,0.84856,0.74447,1.15636,0.89804,0.89064,0.94001,0.66019,0.91332,0.64942,1.14355,0.00181093,0.00181093,0.00181093
32,545.249,0.86047,0.74784,1.14771,0.94442,0.8427,0.93106,0.71658,0.83788,0.60736,1.09542,0.00179856,0.00179856,0.00179856
33,559.235,0.83894,0.70256,1.1312,0.93294,0.85976,0.93896,0.68053,0.89576,0.66595,1.08518,0.00178586,0.00178586,0.00178586
34,573.133,0.8411,0.70934,1.13633,0.92937,0.88714,0.93058,0.67102,1.00333,0.77495,1.12692,0.00177281,0.00177281,0.00177281
35,587.033,0.83378,0.70202,1.14139,0.90626,0.93258,0.96071,0.72747,0.8229,0.57495,1.05006,0.00175943,0.00175943,0.00175943
36,600.963,0.81959,0.68731,1.10905,0.89283,0.93606,0.94516,0.70415,0.86666,0.65187,1.10239,0.00174571,0.00174571,0.00174571
37,614.995,0.81512,0.65079,1.1146,0.91303,0.89888,0.94984,0.72517,0.78776,0.62961,1.06351,0.00173168,0.00173168,0.00173168
38,628.92,0.80032,0.68196,1.10008,0.85611,0.86905,0.92325,0.71361,0.78757,0.65461,1.04473,0.00171733,0.00171733,0.00171733
39,642.914,0.81444,0.69593,1.12707,0.92196,0.92915,0.95926,0.73721,0.83168,0.58592,1.06633,0.00170267,0.00170267,0.00170267
40,656.96,0.81015,0.67624,1.11148,0.86334,0.88727,0.92244,0.74276,0.76175,0.63598,1.05184,0.0016877,0.0016877,0.0016877
41,670.951,0.76894,0.65529,1.10536,0.87507,0.90449,0.94137,0.7364,0.77619,0.59766,1.03764,0.00167244,0.00167244,0.00167244
42,684.877,0.79161,0.6655,1.11275,0.91293,0.91011,0.94022,0.73276,0.82253,0.57329,1.05335,0.00165689,0.00165689,0.00165689
43,698.741,0.73823,0.63104,1.07005,0.92142,0.92229,0.94813,0.7425,0.78756,0.5483,1.05739,0.00164105,0.00164105,0.00164105
44,712.766,0.77381,0.6243,1.09192,0.92073,0.81461,0.90502,0.69394,0.81169,0.69594,1.06041,0.00162494,0.00162494,0.00162494
45,726.68,0.74725,0.63958,1.07347,0.87103,0.78652,0.86866,0.66399,0.8601,0.84623,1.1076,0.00160855,0.00160855,0.00160855
46,740.598,0.7387,0.60063,1.07351,0.89601,0.85955,0.90117,0.6751,0.87846,0.66693,1.16041,0.00159191,0.00159191,0.00159191
47,754.461,0.73211,0.64342,1.07035,0.92539,0.89888,0.94683,0.74246,0.79899,0.58351,1.05676,0.00157501,0.00157501,0.00157501
48,768.43,0.70582,0.59835,1.05992,0.90135,0.86517,0.92995,0.71481,0.78786,0.62568,1.05567,0.00155786,0.00155786,0.00155786
49,782.388,0.72824,0.58345,1.06759,0.91404,0.93258,0.9561,0.74446,0.74801,0.54356,1.03115,0.00154047,0.00154047,0.00154047
50,796.389,0.72931,0.59783,1.06831,0.90064,0.91011,0.93211,0.73556,0.7673,0.56944,1.03875,0.00152285,0.00152285,0.00152285
51,810.516,0.7178,0.57822,1.07289,0.89201,0.9382,0.95757,0.78181,0.68027,0.54616,0.96974,0.001505,0.001505,0.001505
52,824.621,0.7104,0.59757,1.05679,0.93606,0.90472,0.94915,0.73626,0.78772,0.5232,1.04571,0.00148694,0.00148694,0.00148694
53,838.553,0.69929,0.55859,1.0491,0.93428,0.8764,0.94735,0.72549,0.83435,0.59231,1.06184,0.00146866,0.00146866,0.00146866
54,852.475,0.71985,0.55763,1.07493,0.90738,0.92697,0.9473,0.73259,0.78208,0.55868,1.05577,0.00145019,0.00145019,0.00145019
55,866.448,0.66748,0.54984,1.05097,0.93437,0.90449,0.96004,0.73932,0.83077,0.52618,1.06396,0.00143152,0.00143152,0.00143152
56,880.434,0.683,0.57457,1.05789,0.92943,0.94944,0.96206,0.76099,0.7252,0.47859,1.01372,0.00141267,0.00141267,0.00141267
57,894.37,0.65436,0.53678,1.03153,0.94461,0.92697,0.95159,0.75236,0.72643,0.48803,1.02488,0.00139364,0.00139364,0.00139364
58,908.364,0.65825,0.54975,1.02658,0.9354,0.94382,0.95822,0.75975,0.70613,0.50324,0.97289,0.00137444,0.00137444,0.00137444
59,922.326,0.69556,0.54868,1.04605,0.92563,0.90902,0.94337,0.73214,0.78514,0.56892,1.05496,0.00135509,0.00135509,0.00135509
60,936.238,0.66297,0.52583,1.03167,0.91642,0.93258,0.96862,0.77722,0.72163,0.50809,1.02132,0.00133558,0.00133558,0.00133558
61,950.234,0.6557,0.53208,1.04592,0.93247,0.93085,0.95439,0.74814,0.73975,0.49958,1.02492,0.00131593,0.00131593,0.00131593
62,964.111,0.66613,0.54358,1.03174,0.93813,0.937,0.96557,0.78035,0.71276,0.46933,1.01795,0.00129614,0.00129614,0.00129614
63,977.992,0.64651,0.52351,1.03311,0.93977,0.89326,0.95684,0.76898,0.75769,0.52724,1.03623,0.00127623,0.00127623,0.00127623
64,991.939,0.64549,0.52494,1.03509,0.94275,0.92512,0.96273,0.76934,0.73148,0.53431,0.99847,0.0012562,0.0012562,0.0012562
65,1005.91,0.59889,0.4851,1.00665,0.93206,0.92494,0.95667,0.78278,0.73642,0.54021,1.01162,0.00123607,0.00123607,0.00123607
66,1019.93,0.62112,0.49628,1.01572,0.93448,0.95506,0.95187,0.77736,0.75058,0.53862,1.03647,0.00121583,0.00121583,0.00121583
67,1033.89,0.6329,0.51251,1.01243,0.92557,0.90819,0.94935,0.7626,0.74325,0.53182,1.01199,0.00119551,0.00119551,0.00119551
68,1047.79,0.62473,0.50202,1.02211,0.9487,0.93511,0.95678,0.78079,0.68866,0.45985,1.00667,0.0011751,0.0011751,0.0011751
69,1061.65,0.62426,0.50774,1.03128,0.96044,0.95485,0.95998,0.78556,0.69223,0.44459,1.01064,0.00115462,0.00115462,0.00115462
70,1075.87,0.59626,0.47666,1.00506,0.95293,0.9382,0.96795,0.7902,0.7144,0.44362,1.03361,0.00113408,0.00113408,0.00113408
71,1089.83,0.60746,0.47889,1.01294,0.94737,0.91007,0.94253,0.73748,0.81967,0.52047,1.11071,0.00111348,0.00111348,0.00111348
72,1103.94,0.60236,0.48752,1.00108,0.94771,0.92135,0.94104,0.73704,0.81722,0.51949,1.11695,0.00109284,0.00109284,0.00109284
73,1117.9,0.60444,0.50717,1.01684,0.92683,0.92512,0.95417,0.7831,0.71626,0.55954,1.00668,0.00107216,0.00107216,0.00107216
74,1131.83,0.5882,0.47571,0.99294,0.93803,0.93536,0.95766,0.76882,0.75796,0.49002,1.04351,0.00105146,0.00105146,0.00105146
75,1145.92,0.60268,0.49937,0.99518,0.97059,0.91573,0.95358,0.7713,0.71457,0.48388,1.03378,0.00103073,0.00103073,0.00103073
76,1159.85,0.58971,0.48229,1.00436,0.94758,0.91393,0.95572,0.73014,0.80529,0.53044,1.10521,0.00101,0.00101,0.00101
77,1173.8,0.60972,0.47129,1.01936,0.95086,0.93258,0.96096,0.78391,0.71689,0.45987,1.03113,0.000989267,0.000989267,0.000989267
78,1187.71,0.55155,0.43259,0.98203,0.94378,0.94318,0.95824,0.77084,0.73608,0.46363,0.99788,0.000968543,0.000968543,0.000968543
79,1201.7,0.61565,0.47118,1.01218,0.94281,0.92623,0.95703,0.78775,0.72973,0.48938,1.03518,0.000947837,0.000947837,0.000947837
80,1215.62,0.55701,0.44482,0.98891,0.92167,0.92545,0.94932,0.76564,0.71669,0.48426,1.0257,0.000927159,0.000927159,0.000927159
81,1229.55,0.55082,0.44801,0.98535,0.93639,0.93258,0.95649,0.76242,0.76461,0.49211,1.07416,0.000906517,0.000906517,0.000906517
82,1243.47,0.53738,0.44507,0.97016,0.94878,0.92135,0.96849,0.80013,0.69971,0.44651,0.99889,0.00088592,0.00088592,0.00088592
83,1257.47,0.5623,0.46209,0.97697,0.92368,0.93258,0.96823,0.80065,0.67393,0.47211,0.96153,0.000865378,0.000865378,0.000865378
84,1271.55,0.52351,0.45088,0.97792,0.94899,0.94068,0.97612,0.80815,0.68649,0.422,1.00376,0.000844899,0.000844899,0.000844899
85,1285.57,0.56997,0.46263,0.99848,0.95738,0.9382,0.96268,0.77311,0.74614,0.47288,1.0549,0.000824492,0.000824492,0.000824492
86,1299.72,0.53305,0.42291,0.97493,0.93765,0.9294,0.95836,0.78614,0.7209,0.47998,1.04011,0.000804167,0.000804167,0.000804167
87,1313.66,0.53717,0.41275,0.9786,0.93321,0.92697,0.9565,0.78092,0.6839,0.50719,1.01483,0.000783933,0.000783933,0.000783933
88,1327.62,0.55668,0.42096,0.98519,0.94967,0.91573,0.97275,0.81025,0.65,0.46022,0.96127,0.000763797,0.000763797,0.000763797
89,1341.62,0.52823,0.41833,0.96745,0.90857,0.94903,0.96292,0.79511,0.70207,0.49928,0.99663,0.000743769,0.000743769,0.000743769
90,1355.6,0.55221,0.43444,0.98258,0.93746,0.91011,0.95531,0.79772,0.70722,0.49928,1.00401,0.000723859,0.000723859,0.000723859
91,1369.5,0.51195,0.41496,0.9671,0.94578,0.91011,0.95067,0.779,0.66523,0.48561,0.98062,0.000704073,0.000704073,0.000704073
92,1383.43,0.50853,0.40805,0.95848,0.95633,0.92135,0.95294,0.81298,0.64427,0.47131,0.98065,0.000684422,0.000684422,0.000684422
93,1397.54,0.508,0.40583,0.97016,0.97042,0.92697,0.96018,0.79599,0.69996,0.45879,1.02141,0.000664914,0.000664914,0.000664914
94,1411.48,0.50154,0.39404,0.95411,0.94952,0.97191,0.9679,0.79509,0.71124,0.42655,1.03354,0.000645557,0.000645557,0.000645557
95,1425.42,0.49575,0.40131,0.96922,0.95963,0.94382,0.97409,0.80374,0.6817,0.4059,1.00917,0.00062636,0.00062636,0.00062636
96,1439.35,0.47688,0.39953,0.94286,0.95216,0.96067,0.9743,0.80454,0.69016,0.39673,1.02254,0.000607331,0.000607331,0.000607331
97,1453.35,0.47455,0.39735,0.94915,0.94367,0.9411,0.9767,0.81523,0.67669,0.42539,1.00378,0.000588479,0.000588479,0.000588479
98,1467.35,0.48704,0.39008,0.93909,0.94689,0.92135,0.96917,0.80867,0.67263,0.48314,0.97772,0.000569811,0.000569811,0.000569811
99,1481.26,0.46575,0.37379,0.9419,0.95512,0.91011,0.96595,0.8067,0.69509,0.50362,1.00237,0.000551337,0.000551337,0.000551337
100,1495.27,0.49558,0.37482,0.95154,0.9609,0.92697,0.96583,0.79916,0.69827,0.48237,1.01684,0.000533064,0.000533064,0.000533064
101,1509.2,0.46775,0.37651,0.9529,0.94308,0.94944,0.9783,0.80737,0.71176,0.45572,1.00577,0.000515,0.000515,0.000515
102,1523.19,0.47914,0.38626,0.96838,0.94944,0.94949,0.97413,0.81032,0.68611,0.4259,0.98878,0.000497153,0.000497153,0.000497153
103,1537.11,0.46305,0.36588,0.94876,0.97552,0.93258,0.97401,0.81457,0.67454,0.42848,0.99487,0.000479531,0.000479531,0.000479531
104,1551.06,0.47274,0.38089,0.96713,0.93523,0.95506,0.9707,0.80665,0.67309,0.44737,1.00365,0.000462142,0.000462142,0.000462142
105,1564.99,0.46681,0.36969,0.94407,0.92917,0.9382,0.95933,0.80615,0.66333,0.48907,0.99415,0.000444994,0.000444994,0.000444994
106,1578.86,0.45386,0.37197,0.94668,0.94344,0.93715,0.96032,0.8148,0.6748,0.44889,0.98765,0.000428093,0.000428093,0.000428093
107,1592.83,0.45324,0.37015,0.93513,0.94415,0.94972,0.97685,0.82045,0.65511,0.42185,0.98004,0.000411447,0.000411447,0.000411447
108,1606.84,0.43715,0.37799,0.93493,0.9583,0.91573,0.96505,0.80813,0.70121,0.43088,1.04293,0.000395064,0.000395064,0.000395064
109,1620.8,0.41212,0.34473,0.91679,0.94792,0.95506,0.96992,0.81713,0.6796,0.4195,1.02835,0.00037895,0.00037895,0.00037895
110,1634.75,0.43427,0.37178,0.94317,0.95949,0.95506,0.96863,0.82242,0.68265,0.42895,1.01941,0.000363114,0.000363114,0.000363114
111,1648.74,0.43129,0.34279,0.93294,0.94925,0.94572,0.96935,0.81778,0.70756,0.46265,1.04005,0.000347561,0.000347561,0.000347561
112,1662.61,0.45535,0.34997,0.94694,0.97579,0.91011,0.96693,0.81307,0.69485,0.4598,1.03454,0.000332298,0.000332298,0.000332298
113,1676.55,0.4105,0.32695,0.93051,0.95179,0.94382,0.9629,0.81273,0.68062,0.45025,1.02169,0.000317333,0.000317333,0.000317333
114,1690.53,0.43373,0.33347,0.93199,0.96543,0.94136,0.96217,0.82206,0.66648,0.43411,1.0213,0.000302672,0.000302672,0.000302672
115,1704.64,0.39993,0.32106,0.91779,0.9534,0.9382,0.96212,0.81823,0.67207,0.45702,1.01739,0.000288321,0.000288321,0.000288321
116,1718.68,0.42389,0.33347,0.92175,0.94412,0.9492,0.96182,0.81667,0.66633,0.45025,1.00346,0.000274287,0.000274287,0.000274287
117,1732.63,0.42061,0.34225,0.92292,0.96465,0.96067,0.97403,0.81265,0.67796,0.41985,1.00595,0.000260575,0.000260575,0.000260575
118,1746.64,0.40956,0.342,0.91819,0.93434,0.97191,0.97358,0.81931,0.6723,0.40574,1.02347,0.000247192,0.000247192,0.000247192
119,1760.64,0.39525,0.31215,0.91873,0.93669,0.97191,0.97505,0.81544,0.66487,0.41736,1.0152,0.000234143,0.000234143,0.000234143
120,1774.65,0.41924,0.34323,0.92291,0.93844,0.94203,0.97214,0.81066,0.67018,0.4527,1.01166,0.000221435,0.000221435,0.000221435
121,1788.59,0.39828,0.32186,0.9147,0.92198,0.94382,0.9713,0.81304,0.6806,0.45412,1.00911,0.000209073,0.000209073,0.000209073
122,1802.53,0.39794,0.32994,0.91727,0.95824,0.94944,0.97406,0.81728,0.67147,0.43948,1.00109,0.000197062,0.000197062,0.000197062
123,1816.44,0.40232,0.31655,0.92799,0.93938,0.96629,0.98029,0.82302,0.66327,0.41655,1.00548,0.000185408,0.000185408,0.000185408
124,1830.33,0.3959,0.32202,0.90895,0.95507,0.95528,0.97966,0.82249,0.66467,0.41888,1.02095,0.000174115,0.000174115,0.000174115
125,1844.35,0.38644,0.30416,0.91194,0.95213,0.94944,0.97482,0.81985,0.65348,0.42447,1.0111,0.000163189,0.000163189,0.000163189
126,1858.29,0.39032,0.31847,0.92024,0.95456,0.94415,0.97675,0.81407,0.65653,0.43288,1.00708,0.000152635,0.000152635,0.000152635
127,1872.21,0.38208,0.3137,0.91611,0.94997,0.96067,0.97383,0.81164,0.66687,0.43427,1.01394,0.000142456,0.000142456,0.000142456
128,1886.2,0.39019,0.31948,0.92015,0.97107,0.94282,0.97398,0.81597,0.66947,0.43541,1.01424,0.000132658,0.000132658,0.000132658
129,1900.22,0.36219,0.30565,0.90194,0.96559,0.94601,0.97087,0.81861,0.67711,0.43133,1.03124,0.000123245,0.000123245,0.000123245
130,1914.18,0.38592,0.31942,0.91805,0.9653,0.93775,0.96855,0.82467,0.69355,0.43813,1.042,0.000114221,0.000114221,0.000114221
131,1928.22,0.38272,0.30833,0.90723,0.94937,0.94804,0.97215,0.82584,0.68201,0.42885,1.02313,0.00010559,0.00010559,0.00010559
132,1942.33,0.36521,0.29902,0.90517,0.94841,0.92959,0.96846,0.81979,0.68835,0.43933,1.03294,9.73555e-05,9.73555e-05,9.73555e-05
133,1956.19,0.36783,0.30251,0.90992,0.93851,0.94321,0.96425,0.80889,0.69771,0.45019,1.04834,8.95213e-05,8.95213e-05,8.95213e-05
134,1970.11,0.36593,0.30422,0.9121,0.93884,0.94944,0.96795,0.81648,0.67861,0.43548,1.03253,8.20908e-05,8.20908e-05,8.20908e-05
135,1984.15,0.3717,0.31369,0.91796,0.95886,0.94382,0.97065,0.82204,0.67308,0.42853,1.02616,7.50674e-05,7.50674e-05,7.50674e-05
136,1997.71,0.2849,0.23068,0.83187,0.96552,0.94376,0.97102,0.81025,0.68028,0.42728,1.03441,6.8454e-05,6.8454e-05,6.8454e-05
137,2011.5,0.2885,0.20651,0.81814,0.94908,0.94249,0.96822,0.80126,0.69189,0.43209,1.04913,6.22537e-05,6.22537e-05,6.22537e-05
138,2025.11,0.27182,0.19401,0.82413,0.9475,0.94382,0.96725,0.80043,0.69329,0.43536,1.05656,5.64691e-05,5.64691e-05,5.64691e-05
139,2038.7,0.27091,0.1953,0.82662,0.95473,0.94795,0.9679,0.79826,0.70321,0.43723,1.06771,5.11027e-05,5.11027e-05,5.11027e-05
140,2052.4,0.26591,0.19069,0.8283,0.95253,0.9382,0.96633,0.79379,0.71362,0.4422,1.09556,4.61569e-05,4.61569e-05,4.61569e-05
141,2066.09,0.26811,0.18293,0.80993,0.95449,0.94259,0.96489,0.79477,0.71087,0.45377,1.09794,4.16339e-05,4.16339e-05,4.16339e-05
142,2079.71,0.26257,0.18964,0.82388,0.95125,0.94944,0.96367,0.79447,0.71375,0.45333,1.10087,3.75356e-05,3.75356e-05,3.75356e-05
143,2093.29,0.26,0.18215,0.81869,0.94401,0.9382,0.95871,0.79767,0.70741,0.44623,1.09178,3.38639e-05,3.38639e-05,3.38639e-05
144,2106.93,0.25896,0.18357,0.81657,0.94942,0.94913,0.96602,0.80045,0.70492,0.44913,1.08832,3.06204e-05,3.06204e-05,3.06204e-05
145,2120.53,0.26499,0.18751,0.81605,0.95494,0.95258,0.97286,0.80626,0.70588,0.44623,1.08681,2.78064e-05,2.78064e-05,2.78064e-05
146,2134.18,0.25824,0.18551,0.82592,0.95026,0.94944,0.97281,0.81084,0.70508,0.43847,1.08486,2.54233e-05,2.54233e-05,2.54233e-05
147,2147.87,0.24937,0.17696,0.81886,0.95467,0.94652,0.9709,0.81216,0.70601,0.43709,1.08388,2.34721e-05,2.34721e-05,2.34721e-05
148,2161.66,0.24588,0.17522,0.81068,0.96528,0.93725,0.97247,0.81814,0.70495,0.43508,1.0784,2.19535e-05,2.19535e-05,2.19535e-05
149,2175.66,0.24782,0.176,0.80579,0.9653,0.93778,0.97349,0.81722,0.70457,0.43697,1.07442,2.08684e-05,2.08684e-05,2.08684e-05
150,2189.6,0.2564,0.1808,0.81255,0.94938,0.94836,0.97298,0.81714,0.70095,0.42867,1.07484,2.02171e-05,2.02171e-05,2.02171e-05
